username,name,email,password,remember_token,created_at,updated_at
vilma.von,Tremayne Renner,lgoyette@example.com,123456,5kAmlFBxjk,2019-12-29 22:49:15,2019-12-29 22:49:15
homenick.jonathan,Ceasar Bashirian,susie84@example.org,123456,GYtcujTAMD,2019-12-29 22:30:40,2019-12-29 22:30:40
tristian14,Charlotte Bernhard IV,lynch.elnora@example.com,123456,fbXIyrC6Qj,2019-12-29 22:49:15,2019-12-29 22:49:15
alang,Emmet Wilderman,erik.lakin@example.com,123456,yzf8k0uxtO,2019-12-29 22:30:40,2019-12-29 22:30:40
ugreenfelder,Mr. Louie Turcotte I,vmosciski@example.com,123456,FmzGDCds4n,2019-12-29 22:49:15,2019-12-29 22:49:15
kelvin.weimann,Coty Cartwright,leonor92@example.org,123456,mD2DciTWm2,2019-12-29 22:49:15,2019-12-29 22:49:15
abbey.wehner,Felipe O'Kon,vmacejkovic@example.org,123456,3G9jXNHH0x,2019-12-29 22:49:15,2019-12-29 22:49:15
hattie.kiehn,Enola Beahan,ondricka.karlie@example.org,123456,lpNygrcGaf,2019-12-29 22:49:15,2019-12-29 22:49:15
odell.batz,Golden Ziemann,tlubowitz@example.org,123456,QbLWi5eyV0,2019-12-29 22:30:40,2019-12-29 22:30:40
savion.jacobi,Miguel Moore,name73@example.org,123456,VQyBgQJMT3,2019-12-29 22:49:15,2019-12-29 22:49:15
agatha,Agatha,agatha@tmp.com,123456,,,
